name	slope	intercept	baseline	phase1_start	phase1_end	phase1_slope	phase1_intercept	phase1_baseline	phase1_exclude	phase1_SNR	phase2_start	phase2_end	phase2_slope	phase2_intercept	phase2_baseline	phase2_exclude	phase2_SNR	phase3_start	phase3_end	phase3_slope	phase3_intercept	phase3_baseline	phase3_exclude	phase3_SNR	phase4_start	phase4_end	phase4_slope	phase4_intercept	phase4_baseline	phase4_exclude	phase4_SNR
MG1655-1	0.0256701316695	-37.2965337915	-2.47276589735	0.0101	17.00663	0.0256701316695	-37.2965337915	-2.47276589735	False	51.1031927368
rzpD-1	0.108439458284	19.9045468928	1.37318392874	17.34003	28.00773	0.108439458284	19.9045468928	1.37318392874	False	18.9778524252
sspA-1	0.151850401037	12.2905842771	1.56608311579	11.50606	24.34071	0.151850401037	12.2905842771	1.56608311579	False	89.7869160071	41.67572	50.67654	0.226404507491	49.5038935863	11.0517822911	False	4.61944085482
MG1655-2	0.031067070608	-25.7337444679	-2.11311593254	0.0101	14.33971	0.031067070608	-25.7337444679	-2.11311593254	False	44.7215060277
rzpD-2			
sspA-2	0.226595043584	20.3001094649	1.38640059351	11.83942	24.00731	0.226595043584	20.3001094649	1.38640059351	False	35.1314772644
MG1655-3	0.152287767682	2.44674243421	-0.629235385039	0.0101	2.83869	0.152287767682	2.44674243421	-0.629235385039	False	4.0378972481
rzpD-3			
sspA-3	0.260523415561	19.6993584989	1.67323636715	12.00624	22.00715	0.260523415561	19.6993584989	1.67323636715	False	41.2262904954
