name	slope	intercept	baseline	phase1_start	phase1_end	phase1_slope	phase1_intercept	phase1_baseline	phase1_exclude	phase1_SNR	phase2_start	phase2_end	phase2_slope	phase2_intercept	phase2_baseline	phase2_exclude	phase2_SNR	phase3_start	phase3_end	phase3_slope	phase3_intercept	phase3_baseline	phase3_exclude	phase3_SNR	phase4_start	phase4_end	phase4_slope	phase4_intercept	phase4_baseline	phase4_exclude	phase4_SNR
MG1655-1	0.257618859072	20.3990923793	0.13624429109	8.00621	22.67512	0.257618859072	20.3990923793	0.13624429109	False	45.1991973338	31.50991	40.01129	0.0919624584838	35.5726364482	2.05459281939	False	11.9228387813	45.6789	49.17939	0.317805623782	51.1671070523	4.0954564014	True	1.91364459103
COUM4-2_1	0.377312067702	4.01517814972	-1.02577379903	1.83851	12.0068	0.377312067702	4.01517814972	-1.02577379903	False	51.4642999814
MG1655-2	0.310282194683	22.7690929694	0.409046889615	10.17318	24.50884	0.310282194683	22.7690929694	0.409046889615	False	29.2803063219	33.51028	40.34459	0.0246369602595	-24.9742745273	-1.31649878439	True	9.85209433144
COUM4-2_2	0.268747623708	-1.92969851006	-3.47319075868	3.17206	9.50655	0.268747623708	-1.92969851006	-3.47319075868	False	74.1663946547	33.01021	37.34423	0.11028716292	21.5951802668	52.5060374583	True	5.20739491966	46.0123	49.17939	0.220740100001	44.7215785356	61.14178603	True	3.63851935401
MG1655-3	0.262704984766	26.1532739283	0.38732317569	9.6731	28.17603	0.262704984766	26.1532739283	0.38732317569	False	23.5711137287	37.6776	49.17939	0.00761507116671	-330.852371525	-13.7122180865	False	20.1228983815
COUM4-2_3	0.564602327917	4.98761664904	-0.235151295808	2.0052	9.6731	0.564602327917	4.98761664904	-0.235151295808	False	189.658863592	36.51079	38.51112	1.23559766859	38.3400590817	50.7418313781	True	7.53790701839
nadR_rpoA-1	0.475949720153	25.2332484196	0.413894438478	11.50668	29.84302	0.475949720153	25.2332484196	0.413894438478	False	535.922703607
nadR_rpoA-2	0.498867643077	25.1611485288	0.184900415807	9.17304	29.17617	0.498867643077	25.1611485288	0.184900415807	False	363.045197309
nadR_rpoA-3	0.536541408941	16.1098787516	0.273719221589	10.33994	20.17471	0.536541408941	16.1098787516	0.273719221589	False	364.017285435
